attributeName,formatString,unit,numberType,definition,attributeDefinition,columnClasses,minimum,maximum
site_code,,,,survey location identifier,survey location identifier,character,,
location,,,,street address or general description of sampling location,street address or general description of sampling location,character,,
lat,,degree,real,,latitude of sampling location (approximately as the center of the trap line or configuration),numeric,33.302828,33.820425
long,,degree,real,,longitude of sampling location (approximately as the center of the trap line or configuration),numeric,-112.577118,-111.614795
gps_date,YYYY-MM-DD,,,,date gps position of sampling location was recorded,Date,,
start_date,YYYY-MM-DD,,,,date of first sampling at the location,Date,,
end_date,YYYY-MM-DD,,,,date of final sampling or date of decision to cease sampling at the location,Date,,
trap_arrange,,,,general description of arrangement of the traps especially if the arrangement was something other than a line,general description of arrangement of the traps especially if the arrangement was something other than a line,character,,
comments,,,,general comments regarding the sampling location,general comments regarding the sampling location,character,,
