taxa_raw,taxa_trimmed,taxa_replacement,taxa_removed,taxa_clean,rank,authority,authority_id,score,difference
Acari,NA,NA,NA,Acari,Subclass,ITIS,733321,0.75,NA
Aphididae,NA,NA,NA,Aphididae,Family,ITIS,109191,0.75,NA
Carabidae,NA,NA,NA,Carabidae,Family,ITIS,109234,0.75,NA
Formicidae,NA,NA,NA,Formicidae,Family,ITIS,154193,0.75,NA
Lepismatidae,NA,NA,NA,Lepismatidae,Family,ITIS,99220,0.75,NA
Scale Insects (Coccoidea),NA,NA,NA,NA,NA,NA,NA,NA,NA
Thysanoptera,NA,NA,NA,Thysanoptera,Order,ITIS,103348,0.75,NA
Araneidae,NA,NA,NA,Araneidae,Family,ITIS,82737,0.75,NA
Cicadellidae,NA,NA,NA,Cicadellidae,Family,ITIS,109171,0.75,NA
Entomobryidae,NA,NA,NA,Entomobryidae,Family,ITIS,99643,0.75,NA
Mutillidae,NA,NA,NA,Mutillidae,Family,ITIS,154181,0.75,NA
Unknown,NA,NA,NA,NA,NA,NA,NA,NA,NA
Coccinellidae,NA,NA,NA,Coccinellidae,Family,ITIS,114329,0.75,NA
Chrysopidae,NA,NA,NA,Chrysopidae,Family,ITIS,115081,0.75,NA
Scoliidae,NA,NA,NA,Scoliidae,Family,ITIS,154189,0.75,NA
Sminthuridae,NA,NA,NA,Sminthuridae,Family,ITIS,100258,0.75,NA
Psocoptera,NA,NA,NA,Psocoptera,Order,ITIS,103320,0.75,NA
Psyllidae,NA,NA,NA,Psyllidae,Family,ITIS,109187,0.75,NA
Tenebrionidae,NA,NA,NA,Tenebrionidae,Family,ITIS,114419,0.75,NA
Meinertellidae,NA,NA,NA,Meinertellidae,Family,ITIS,685010,0.75,NA
Bombyliidae,NA,NA,NA,Bombyliidae,Family,ITIS,134153,0.75,NA
Mymaridae,NA,NA,NA,Mymaridae,Family,ITIS,153659,0.75,NA
Collembola,NA,NA,NA,Collembola,Order,ITIS,99237,0.75,NA
Andrenidae,NA,NA,NA,Andrenidae,Family,ITIS,154361,0.75,NA
Halictidae,NA,NA,NA,Halictidae,Family,ITIS,154348,0.75,NA
Chalcidoidea,NA,NA,NA,Chalcidoidea,Superfamily,ITIS,153658,0.75,NA
Curculionidae,NA,NA,NA,Curculionidae,Family,ITIS,114666,0.75,NA
Sphecidae,NA,NA,NA,Sphecidae,Family,ITIS,154310,0.75,NA
Clubionidae,NA,NA,NA,Clubionidae,Family,ITIS,871518,0.75,NA
Meloidae,NA,NA,NA,Meloidae,Family,ITIS,114387,0.75,NA
Lepidoptera,NA,NA,NA,Lepidoptera,Order,ITIS,117232,0.75,NA
Miridae,NA,NA,NA,Miridae,Family,ITIS,104419,0.75,NA
Lygaeidae,NA,NA,NA,Lygaeidae,Family,ITIS,107674,0.75,NA
Chloropidae,NA,NA,NA,Chloropidae,Family,ITIS,147644,0.75,NA
Diapriidae,NA,NA,NA,Diapriidae,Family,ITIS,154067,0.75,NA
Asteiidae,NA,NA,NA,Asteiidae,Family,ITIS,144450,0.75,NA
Scorpiones,NA,NA,NA,Scorpiones,Order,ITIS,82713,0.75,NA
Tiphiidae,NA,NA,NA,Tiphiidae,Family,ITIS,154175,0.75,NA
Anthocoridae,NA,NA,NA,Anthocoridae,Family,ITIS,106903,0.75,NA
Gnaphosidae,NA,NA,NA,Gnaphosidae,Family,ITIS,185556,0.75,NA
Hemiptera,NA,NA,NA,Hemiptera,Order,ITIS,103359,0.75,NA
Lycosa,NA,NA,NA,Lycosa,Genus,ITIS,848690,0.75,NA
Tingidae,NA,NA,NA,Tingidae,Family,ITIS,104177,0.75,NA
Forelius,NA,NA,NA,Forelius,Genus,ITIS,573923,0.75,NA
Tetramorium,NA,NA,NA,Tetramorium,Genus,ITIS,154245,0.75,NA
Thysanura,NA,NA,NA,Thysanura,Order,ITIS,99215,0.75,NA
Diptera,NA,NA,NA,Diptera,Order,ITIS,118831,0.75,NA
Myrmecocystus,NA,NA,NA,Myrmecocystus,Genus,ITIS,573974,0.75,NA
Pseudoscorpiones,NA,NA,NA,Pseudoscorpiones,Order,ITIS,690741,0.75,NA
Solpugida,NA,NA,NA,Solpugida,Order,ITIS,82731,0.75,NA
Caponiidae,NA,NA,NA,Caponiidae,Family,ITIS,847712,0.75,NA
Hemerobiidae,NA,NA,NA,Hemerobiidae,Family,ITIS,115080,0.75,NA
Sciaridae,NA,NA,NA,Sciaridae,Family,ITIS,122702,0.75,NA
Isopoda,NA,NA,NA,Isopoda,Order,ITIS,92120,0.75,NA
Coleoptera,NA,NA,NA,Coleoptera,Order,ITIS,109216,0.75,NA
Membracidae,NA,NA,NA,Membracidae,Family,ITIS,109170,0.75,NA
Reduviidae,NA,NA,NA,Reduviidae,Family,ITIS,107202,0.75,NA
Encyrtidae,NA,NA,NA,Encyrtidae,Family,ITIS,153945,0.75,NA
Pheidole,NA,NA,NA,Pheidole,Genus,ITIS,154226,0.75,NA
Cynipidae,NA,NA,NA,Cynipidae,Family,ITIS,154031,0.75,NA
Plectreuridae,NA,NA,NA,Plectreuridae,Family,ITIS,847753,0.75,NA
Solenopsis,NA,NA,NA,Solenopsis,Genus,ITIS,154237,0.75,NA
Braconidae,NA,NA,NA,Braconidae,Family,ITIS,152867,0.75,NA
Salticidae,NA,NA,NA,Salticidae,Family,ITIS,871537,0.75,NA
Apidae,NA,NA,NA,Apidae,Family,ITIS,154394,0.75,NA
Buthidae,NA,NA,NA,Buthidae,Family,ITIS,82718,0.75,NA
Myrmeleontidae,NA,NA,NA,Myrmeleontidae,Family,ITIS,115093,0.75,NA
Crematogaster,NA,NA,NA,Crematogaster,Genus,ITIS,574052,0.75,NA
Bethylidae,NA,NA,NA,Bethylidae,Family,ITIS,154164,0.75,NA
Homoptera,NA,NA,NA,Homoptera,Order,ITIS,109166,0.75,NA
Oonopidae,NA,NA,NA,Oonopidae,Family,ITIS,847745,0.75,NA
Dorymyrmex,NA,NA,NA,Dorymyrmex,Genus,ITIS,573919,0.75,NA
Messor,NA,NA,NA,Messor,Genus,ITIS,574099,0.75,NA
Phoridae,NA,NA,NA,Phoridae,Family,ITIS,138921,0.75,NA
Theridiidae,NA,NA,NA,Theridiidae,Family,ITIS,82740,0.75,NA
Mantidae,NA,NA,NA,Mantidae,Family,ITIS,102396,0.75,NA
Anthophoridae,NA,NA,NA,Anthophoridae,Family,ITIS,154379,0.75,NA
Chrysomelidae,NA,NA,NA,Chrysomelidae,Family,ITIS,114509,0.75,NA
Pteromalidae,NA,NA,NA,Pteromalidae,Family,ITIS,153974,0.75,NA
Staphylinidae,NA,NA,NA,Staphylinidae,Family,ITIS,113265,0.75,NA
Ichneumonidae,NA,NA,NA,Ichneumonidae,Family,ITIS,153360,0.75,NA
Hogna,NA,NA,NA,Hogna,Genus,ITIS,848506,0.75,NA
Gryllacrididae,NA,NA,NA,Gryllacrididae,Family,ITIS,102278,0.75,NA
Trichogrammatidae,NA,NA,NA,Trichogrammatidae,Family,ITIS,153728,0.75,NA
Pselaphidae,NA,NA,NA,Pselaphidae,Family,ITIS,113760,0.75,NA
Termitidae,NA,NA,NA,Termitidae,Family,ITIS,102443,0.75,NA
Hymenoptera,NA,NA,NA,Hymenoptera,Order,ITIS,152741,0.75,NA
Melittidae,NA,NA,NA,Melittidae,Family,ITIS,154364,0.75,NA
Melyridae,NA,NA,NA,Melyridae,Family,ITIS,113869,0.75,NA
Syrphidae,NA,NA,NA,Syrphidae,Family,ITIS,139621,0.75,NA
Chilopoda (Centipeds),NA,NA,NA,Chilopoda,Class,ITIS,154400,0.75,NA
Sclaridae,NA,NA,NA,NA,NA,NA,NA,NA,NA
Cecidomyiidae,NA,NA,NA,Cecidomyiidae,Family,ITIS,122975,0.75,NA
Elateridae,NA,NA,NA,Elateridae,Family,ITIS,113879,0.75,NA
Hadrurus arizonensis,NA,NA,NA,NA,NA,NA,NA,NA,NA
Calosoma(Camegonia),NA,NA,NA,NA,NA,NA,NA,NA,NA
Lathridiidae,NA,NA,NA,Lathridiidae,Family,ITIS,114372,0.75,NA
Linyphiidae,NA,NA,NA,Linyphiidae,Family,ITIS,82743,0.75,NA
Acrididae,NA,NA,NA,Acrididae,Family,ITIS,102195,0.75,NA
Nitidulidae,NA,NA,NA,Nitidulidae,Family,ITIS,114290,0.75,NA
Labidura riparia,NA,NA,NA,Labidura riparia,Species,ITIS,186021,0.988,NA
Corylophidae,NA,NA,NA,Corylophidae,Family,ITIS,114328,0.75,NA
Chironomidae,NA,NA,NA,Chironomidae,Family,ITIS,127917,0.75,NA
Scarabaeidae,NA,NA,NA,Scarabaeidae,Family,ITIS,114493,0.75,NA
Anthicidae,NA,NA,NA,Anthicidae,Family,ITIS,114405,0.75,NA
Nabidae,NA,NA,NA,Nabidae,Family,ITIS,107084,0.75,NA
Mycetophagidae,NA,NA,NA,Mycetophagidae,Family,ITIS,114376,0.75,NA
Blattidae,NA,NA,NA,Blattidae,Family,ITIS,102402,0.75,NA
Oecobiidae,NA,NA,NA,Oecobiidae,Family,ITIS,847744,0.75,NA
Empididae,NA,NA,NA,Empididae,Family,ITIS,135830,0.75,NA
Dermaptera,NA,NA,NA,Dermaptera,Order,ITIS,102451,0.75,NA
Cydnidae,NA,NA,NA,Cydnidae,Family,ITIS,108550,0.75,NA
Ctenizidae,NA,NA,NA,Ctenizidae,Family,ITIS,847713,0.75,NA
Myrmicinae,NA,NA,NA,Myrmicinae,Subfamily,ITIS,573828,0.75,NA
Ephebomyrmex,NA,NA,NA,NA,NA,NA,NA,NA,NA
Gelechiidae,NA,NA,NA,Gelechiidae,Family,ITIS,118700,0.75,NA
Embiidina,NA,NA,NA,Embiidina,Order,ITIS,666811,0.75,NA
Pyralidae,NA,NA,NA,Pyralidae,Family,ITIS,117641,0.75,NA
Histeridae,NA,NA,NA,Histeridae,Family,ITIS,114959,0.75,NA
Formica sp.,NA,NA,NA,Formica,Genus,ITIS,154211,0.75,NA
Delphacidae,NA,NA,NA,Delphacidae,Family,ITIS,109175,0.75,NA
Monomorium,NA,NA,NA,Monomorium,Genus,ITIS,154219,0.75,NA
Paratrechina,NA,NA,NA,Paratrechina,Genus,ITIS,154224,0.75,NA
Pogonomyrmex,NA,NA,NA,Pogonomyrmex,Genus,ITIS,154230,0.75,NA
Xenomyrmex,NA,NA,NA,Xenomyrmex,Genus,ITIS,574167,0.75,NA
Thomisidae,NA,NA,NA,Thomisidae,Family,ITIS,871543,0.75,NA
Orthoptera,NA,NA,NA,Orthoptera,Order,ITIS,102160,0.75,NA
Gryllidae,NA,NA,NA,Gryllidae,Family,ITIS,102281,0.75,NA
Dictynidae,NA,NA,NA,Dictynidae,Family,ITIS,871524,0.75,NA
Vespidae,NA,NA,NA,Vespidae,Family,ITIS,154249,0.75,NA
Labiidae,NA,NA,NA,Labiidae,Family,ITIS,102453,0.75,NA
Blattaria,NA,NA,NA,Blattaria,Suborder,ITIS,102427,0.75,NA
Cucujidae,NA,NA,NA,Cucujidae,Family,ITIS,114303,0.75,NA
Microcoryphia,NA,NA,NA,Microcoryphia,Order,ITIS,685009,0.75,NA
Mantodea,NA,NA,NA,Mantodea,Suborder,ITIS,666589,0.75,NA
Leptothorax,NA,NA,NA,Leptothorax,Genus,ITIS,574087,0.75,NA
Lycosidae,NA,NA,NA,Lycosidae,Family,ITIS,847731,0.75,NA
Neivamyrmex,NA,NA,NA,Neivamyrmex,Genus,ITIS,573945,0.75,NA
Cardiocondyla,NA,NA,NA,Cardiocondyla,Genus,ITIS,574042,0.75,NA
Dryinidae,NA,NA,NA,Dryinidae,Family,ITIS,154167,0.75,NA
Liometopum sp. Dolichoderinae,NA,NA,NA,Liometopum,Genus,ITIS,573929,0.75,NA
Asbolus,NA,NA,NA,NA,NA,NA,NA,NA,NA
Enicocephalidae,NA,NA,NA,Enicocephalidae,Family,ITIS,103998,0.75,NA
Strumigenys,NA,NA,NA,Strumigenys,Genus,ITIS,574155,0.75,NA
Pholcidae,NA,NA,NA,Pholcidae,Family,ITIS,847751,0.75,NA
Scytodidae,NA,NA,NA,Scytodidae,Family,ITIS,847754,0.75,NA
Buprestidae,NA,NA,NA,Buprestidae,Family,ITIS,114968,0.75,NA
Cicindela (Cicindelidia) nigrocoerulea,NA,NA,NA,Cicindela,Genus,ITIS,109231,0.75,NA
Aleyrodidae,NA,NA,NA,Aleyrodidae,Family,ITIS,109189,0.75,NA
Rhopalidae,NA,NA,NA,Rhopalidae,Family,ITIS,108477,0.75,NA
Opiliones,NA,NA,NA,Opiliones,Order,ITIS,82753,0.75,NA
Thyreocoridae,NA,NA,NA,Thyreocoridae,Family,ITIS,109110,0.75,NA
Lizard (not an arthropod),NA,NA,NA,NA,NA,NA,NA,NA,NA
Oxyopidae,NA,NA,NA,Oxyopidae,Family,ITIS,871532,0.75,NA
Eleodes omissa,NA,NA,NA,NA,NA,NA,NA,NA,NA
Gastropoda (not an arthropod),NA,NA,NA,Gastropoda,Class,ITIS,69459,0.75,NA
Scolytidae,NA,NA,NA,Scolytidae,Family,ITIS,114895,0.75,NA
Tetragnathidae,NA,NA,NA,Tetragnathidae,Family,ITIS,847764,0.75,NA
Nesticidae,NA,NA,NA,Nesticidae,Family,ITIS,847742,0.75,NA
Spirobolida,NA,NA,NA,Spirobolida,Order,ITIS,154419,0.75,NA
Nematode (not an arthropod),NA,NA,NA,NA,NA,NA,NA,NA,NA
Copepoda,NA,NA,NA,Copepoda,Subclass,ITIS,85257,0.75,NA
Zoropsidae,NA,NA,NA,Zoropsidae,Family,ITIS,871550,0.75,NA
Neuroptera,NA,NA,NA,Neuroptera,Order,ITIS,114999,0.75,NA
Zelotes,NA,NA,NA,Zelotes,Genus,ITIS,185597,0.75,NA
Bruchidae,NA,NA,NA,Bruchidae,Family,ITIS,114504,0.75,NA
Pentatomidae,NA,NA,NA,Pentatomidae,Family,ITIS,108628,0.75,NA
Oligochaete (not an arthropod),NA,NA,NA,NA,NA,NA,NA,NA,NA
Eleodes armatus,NA,NA,NA,NA,NA,NA,NA,NA,NA
Vaejovidae,NA,NA,NA,Vaejovidae,Family,ITIS,690791,0.75,NA
Polyphagidae,NA,NA,NA,Polyphagidae,Family,ITIS,102409,0.75,NA
Uloboridae,NA,NA,NA,Uloboridae,Family,ITIS,847767,0.75,NA
Eriosomatidae,NA,NA,NA,Eriosomatidae,Family,ITIS,109192,0.75,NA
Cercopidae,NA,NA,NA,Cercopidae,Family,ITIS,109172,0.75,NA
Ptinidae,NA,NA,NA,Ptinidae,Family,ITIS,114472,0.75,NA
Scale Insects (Coccoidea - Immature),NA,NA,NA,NA,NA,NA,NA,NA,NA
Paravaejovis spinigerus,NA,NA,NA,NA,NA,NA,NA,NA,NA
Algarobius,NA,NA,NA,Algarobius,Genus,ITIS,187739,0.75,NA
Sclerogibbidae,NA,NA,NA,Sclerogibbidae,Family,ITIS,154170,0.75,NA
Loxosceles,NA,NA,NA,Loxosceles,Genus,ITIS,848684,0.75,NA
Isoptera,NA,NA,NA,Isoptera,Order,ITIS,102430,0.75,NA
Cononotus,NA,NA,NA,NA,NA,NA,NA,NA,NA
Leiodidae,NA,NA,NA,Leiodidae,Family,ITIS,113817,0.75,NA
Dermestidae,NA,NA,NA,Dermestidae,Family,ITIS,114976,0.75,NA
Scymnus,NA,NA,NA,Scymnus,Genus,ITIS,187044,0.75,NA
Chaetocnema,NA,NA,NA,Chaetocnema,Genus,ITIS,187766,0.75,NA
Blapstinus,NA,NA,NA,Blapstinus,Genus,ITIS,187205,0.75,NA
Nocibiotes,NA,NA,NA,NA,NA,NA,NA,NA,NA
Cryptoglossa,NA,NA,NA,NA,NA,NA,NA,NA,NA
Novomessor cockerelli,NA,NA,NA,NA,NA,NA,NA,NA,NA
Alopecosa,NA,NA,NA,Alopecosa,Genus,ITIS,847837,0.75,NA
Pronotacantha,NA,NA,NA,Pronotacantha,Genus,ITIS,107669,0.75,NA
Pheidole tetra,NA,NA,NA,NA,NA,NA,NA,NA,NA
Forelius pruinosus,NA,NA,NA,Forelius pruinosus,Species,ITIS,574954,0.988,NA
Cryptoglossa muricatus,NA,NA,NA,NA,NA,NA,NA,NA,NA
Nocibiotes granulatus,NA,NA,NA,NA,NA,NA,NA,NA,NA
Solenopsis xyloni,NA,NA,NA,Solenopsis xyloni,Species,ITIS,154242,0.988,NA
Forelius mccooki,NA,NA,NA,Forelius mccooki,Species,ITIS,574951,0.988,NA
Brachycera,NA,NA,NA,Brachycera,Suborder,ITIS,130052,0.75,NA
Pogonomyrmex rugosus,NA,NA,NA,Pogonomyrmex rugosus,Species,ITIS,154236,0.988,NA
Argoporis bicolor,NA,NA,NA,NA,NA,NA,NA,NA,NA
Heteroceridae,NA,NA,NA,Heteroceridae,Family,ITIS,114262,0.75,NA
Solenopsis amblychila,NA,NA,NA,Solenopsis amblychila,Species,ITIS,581844,0.988,NA
Brachymyrmex,NA,NA,NA,Brachymyrmex,Genus,ITIS,573953,0.75,NA
Pheidole xerophila,NA,NA,NA,Pheidole xerophila,Species,ITIS,581323,0.988,NA
Pheidole gilvescens,NA,NA,NA,Pheidole gilvescens,Species,ITIS,580978,0.988,NA
Cryptophagidae,NA,NA,NA,Cryptophagidae,Family,ITIS,114314,0.75,NA
Philodromidae,NA,NA,NA,Philodromidae,Family,ITIS,871533,0.75,NA
Melanaethus,NA,NA,NA,Melanaethus,Genus,ITIS,108581,0.75,NA
Pogonomyrmex californicus,NA,NA,NA,Pogonomyrmex californicus,Species,ITIS,154233,0.988,NA
Lebia,NA,NA,NA,Lebia,Genus,ITIS,111627,0.75,NA
Agroeca,NA,NA,NA,Agroeca,Genus,ITIS,871582,0.75,NA
Aphaenogaster,NA,NA,NA,Aphaenogaster,Genus,ITIS,574031,0.75,NA
Arctosa,NA,NA,NA,Arctosa,Genus,ITIS,847908,0.75,NA
Dipoena,NA,NA,NA,Dipoena,Genus,ITIS,848239,0.75,NA
Geocoris,NA,NA,NA,Geocoris,Genus,ITIS,107737,0.75,NA
Ceratocapsus,NA,NA,NA,Ceratocapsus,Genus,ITIS,105622,0.75,NA
Niesthrea,NA,NA,NA,Niesthrea,Genus,ITIS,108508,0.75,NA
Liorhyssus,NA,NA,NA,Liorhyssus,Genus,ITIS,108513,0.75,NA
Mimetidae,NA,NA,NA,Mimetidae,Family,ITIS,847738,0.75,NA
Micaria,NA,NA,NA,Micaria,Genus,ITIS,185557,0.75,NA
Syntomus,NA,NA,NA,Syntomus,Genus,ITIS,931473,0.75,NA
Sphenophorus,NA,NA,NA,Sphenophorus,Genus,ITIS,188084,0.75,NA
Coccinella,NA,NA,NA,Coccinella,Genus,ITIS,114346,0.75,NA
Thanatus,NA,NA,NA,Thanatus,Genus,ITIS,873177,0.75,NA
Trichochrous,NA,NA,NA,NA,NA,NA,NA,NA,NA
Amblypygida,NA,NA,NA,NA,NA,NA,NA,NA,NA
Pardosa,NA,NA,NA,Pardosa,Genus,ITIS,849078,0.75,NA
Nysius,NA,NA,NA,Nysius,Genus,ITIS,107868,0.75,NA
Emblethis,NA,NA,NA,Emblethis,Genus,ITIS,107983,0.75,NA
Vacusus,NA,NA,NA,Vacusus,Genus,ITIS,187177,0.75,NA
Cixiidae,NA,NA,NA,Cixiidae,Family,ITIS,109174,0.75,NA
Ephemeroptera,NA,NA,NA,Ephemeroptera,Order,ITIS,100502,0.75,NA
Formicilla,NA,NA,NA,Formicilla,Genus,ITIS,685112,0.75,NA
Pheidole desertorum,NA,NA,NA,Pheidole desertorum,Species,ITIS,580924,0.988,NA
Tarsonops,NA,NA,NA,Tarsonops,Genus,ITIS,849486,0.75,NA
Triorophus,NA,NA,NA,NA,NA,NA,NA,NA,NA
Araeoschizus,NA,NA,NA,NA,NA,NA,NA,NA,NA
Eleodes,NA,NA,NA,NA,NA,NA,NA,NA,NA
Asidina wickhami,NA,NA,NA,NA,NA,NA,NA,NA,NA
Scaphiella,NA,NA,NA,Scaphiella,Genus,ITIS,849300,0.75,NA
Euryopis,NA,NA,NA,Euryopis,Genus,ITIS,848342,0.75,NA
Steriphanus,NA,NA,NA,NA,NA,NA,NA,NA,NA
Hyporhagus,NA,NA,NA,Hyporhagus,Genus,ITIS,706171,0.75,NA
Pompilidae,NA,NA,NA,Pompilidae,Family,ITIS,154286,0.75,NA
Geocoris punctipes,NA,NA,NA,Geocoris punctipes,Species,ITIS,107762,0.988,NA
Linepithema,NA,NA,NA,Linepithema,Genus,ITIS,573928,0.75,NA
Hypoponera,NA,NA,NA,Hypoponera,Genus,ITIS,574195,0.75,NA
Argoporis,NA,NA,NA,NA,NA,NA,NA,NA,NA
Anepsius,NA,NA,NA,NA,NA,NA,NA,NA,NA
Pyramica membranifera,NA,NA,NA,Pyramica membranifera,Species,ITIS,581663,0.988,NA
Ceraticelus,NA,NA,NA,Ceraticelus,Genus,ITIS,848077,0.75,NA
Scydmaenidae,NA,NA,NA,Scydmaenidae,Family,ITIS,113823,0.75,NA
Steatoda,NA,NA,NA,Steatoda,Genus,ITIS,849420,0.75,NA
Odontomachus,NA,NA,NA,Odontomachus,Genus,ITIS,574200,0.75,NA
Metoponium,NA,NA,NA,NA,NA,NA,NA,NA,NA
Scelionidae,NA,NA,NA,Scelionidae,Family,ITIS,154068,0.75,NA
Chalcidoidea (Winged Aphelinidae),NA,NA,NA,Chalcidoidea,Superfamily,ITIS,153658,0.75,NA
Anthicus,NA,NA,NA,Anthicus,Genus,ITIS,187165,0.75,NA
Dorymyrmex insanus,NA,NA,NA,Dorymyrmex insanus,Species,ITIS,574918,0.988,NA
Ataenius,NA,NA,NA,Ataenius,Genus,ITIS,187489,0.75,NA
Xylocoris,NA,NA,NA,Xylocoris,Genus,ITIS,107037,0.75,NA
Aradidae,NA,NA,NA,Aradidae,Family,ITIS,107476,0.75,NA
Tachinidae,NA,NA,NA,Tachinidae,Family,ITIS,152643,0.75,NA
Hydroptilidae,NA,NA,NA,Hydroptilidae,Family,ITIS,115629,0.75,NA
Ptillidae,NA,NA,NA,NA,NA,NA,NA,NA,NA
Ptomaphagus,NA,NA,NA,Ptomaphagus,Genus,ITIS,933516,0.75,NA
Siphonaptera,NA,NA,NA,Siphonaptera,Genus,ITIS,44848,0.75,NA
Eulophidae,NA,NA,NA,Eulophidae,Family,ITIS,153770,0.75,NA
Heteronemiidae,NA,NA,NA,NA,NA,NA,NA,NA,NA
Sphaeroceridae,NA,NA,NA,Sphaeroceridae,Family,ITIS,145784,0.75,NA
Tetragonoderus,NA,NA,NA,Tetragonoderus,Genus,ITIS,111536,0.75,NA
Pheidole sciophila,NA,NA,NA,Pheidole sciophila,Species,ITIS,581209,0.988,NA
Dolichopodidae,NA,NA,NA,Dolichopodidae,Family,ITIS,136824,0.75,NA
Muscidae,NA,NA,NA,Muscidae,Family,ITIS,150025,0.75,NA
Eupelmidae,NA,NA,NA,Eupelmidae,Family,ITIS,153952,0.75,NA
Calosoma(Camedula),NA,NA,NA,NA,NA,NA,NA,NA,NA
Foadia,NA,NA,NA,Foadia,Genus,ITIS,779728,0.75,NA
Bembidion,NA,NA,NA,Bembidion,Genus,ITIS,109786,0.75,NA
Scarites,NA,NA,NA,Scarites,Genus,ITIS,109602,0.75,NA
Spanagonicus,NA,NA,NA,Spanagonicus,Genus,ITIS,106817,0.75,NA
Syntomus americanus,NA,NA,NA,Syntomus americanus,Species,ITIS,932569,0.988,NA
Saldidae,NA,NA,NA,Saldidae,Family,ITIS,104063,0.75,NA
Selenophorus,NA,NA,NA,Selenophorus,Genus,ITIS,111314,0.75,NA
Lyctocoris,NA,NA,NA,Lyctocoris,Genus,ITIS,107008,0.75,NA
Largidae,NA,NA,NA,Largidae,Family,ITIS,108198,0.75,NA
Melanophthalma,NA,NA,NA,NA,NA,NA,NA,NA,NA
Cerambycidae,NA,NA,NA,Cerambycidae,Family,ITIS,114497,0.75,NA
Zophobas,NA,NA,NA,NA,NA,NA,NA,NA,NA
Strumigenys louisianae,NA,NA,NA,Strumigenys louisianae,Species,ITIS,582182,0.988,NA
Solenopsis(Diplorhoptrum),NA,NA,NA,NA,NA,NA,NA,NA,NA
Pterostichus,NA,NA,NA,Pterostichus,Genus,ITIS,110453,0.75,NA
Pyramica,NA,NA,NA,Pyramica,Genus,ITIS,574138,0.75,NA
Sarcophagidae,NA,NA,NA,Sarcophagidae,Family,ITIS,151815,0.75,NA
Oxyopes,NA,NA,NA,Oxyopes,Genus,ITIS,872667,0.75,NA
Aceratagallia,NA,NA,NA,NA,NA,NA,NA,NA,NA
Camponotus,NA,NA,NA,Camponotus,Genus,ITIS,154194,0.75,NA
Harmostes,NA,NA,NA,Harmostes,Genus,ITIS,108483,0.75,NA
Epicauta,NA,NA,NA,Epicauta,Genus,ITIS,114390,0.75,NA
Papusus,NA,NA,NA,NA,NA,NA,NA,NA,NA
Aufeius,NA,NA,NA,Aufeius,Genus,ITIS,108481,0.75,NA
Trichiasida hirsuta,NA,NA,NA,NA,NA,NA,NA,NA,NA
Pheidole micula,NA,NA,NA,Pheidole micula,Species,ITIS,581083,0.988,NA
Heleomyzidae,NA,NA,NA,Heleomyzidae,Family,ITIS,145445,0.75,NA
Ceraphronidae,NA,NA,NA,Ceraphronidae,Family,ITIS,154066,0.75,NA
Cnemodus,NA,NA,NA,Cnemodus,Genus,ITIS,108042,0.75,NA
Zabrotes,NA,NA,NA,Zabrotes,Genus,ITIS,187761,0.75,NA
Prytanes,NA,NA,NA,Prytanes,Genus,ITIS,108102,0.75,NA
Araeoschizus sulcicollis,NA,NA,NA,NA,NA,NA,NA,NA,NA
Thripidae,NA,NA,NA,Thripidae,Family,ITIS,103353,0.75,NA
Carpophilus,NA,NA,NA,Carpophilus,Genus,ITIS,114293,0.75,NA
Fulvius,NA,NA,NA,Fulvius,Genus,ITIS,104538,0.75,NA
Asidina parallela,NA,NA,NA,NA,NA,NA,NA,NA,NA
Phytocoris,NA,NA,NA,Phytocoris,Genus,ITIS,105061,0.75,NA
Tennesseellum,NA,NA,NA,Tennesseellum,Genus,ITIS,849504,0.75,NA
Deltocephalus,NA,NA,NA,Deltocephalus,Genus,ITIS,200027,0.75,NA
Anthomyiidae,NA,NA,NA,Anthomyiidae,Family,ITIS,148685,0.75,NA
Geomysaprinus (Priscosaprinus),NA,NA,NA,Geomysaprinus,Genus,ITIS,114962,0.75,NA
Peckhamia,NA,NA,NA,Peckhamia,Genus,ITIS,872750,0.75,NA
Pagasa,NA,NA,NA,Pagasa,Genus,ITIS,107134,0.75,NA
Geocoris pallens,NA,NA,NA,Geocoris pallens,Species,ITIS,107760,0.988,NA
Platytomus,NA,NA,NA,Platytomus,Genus,ITIS,926396,0.75,NA
Habronattus,NA,NA,NA,Habronattus,Genus,ITIS,872158,0.75,NA
Nabis,NA,NA,NA,Nabis,Genus,ITIS,107115,0.75,NA
Xysticus,NA,NA,NA,Xysticus,Genus,ITIS,873341,0.75,NA
Solenopsis aurea,NA,NA,NA,Solenopsis aurea,Species,ITIS,581848,0.988,NA
Hypogastruridae,NA,NA,NA,Hypogastruridae,Family,ITIS,99917,0.75,NA
Isotomidae,NA,NA,NA,Isotomidae,Family,ITIS,99245,0.75,NA
Oligotomidae,NA,NA,NA,Oligotomidae,Family,ITIS,102466,0.75,NA
Allocosa,NA,NA,NA,Allocosa,Genus,ITIS,847830,0.75,NA
Lycoriella,NA,NA,NA,Lycoriella,Genus,ITIS,122853,0.75,NA
Dyscinetus,NA,NA,NA,Dyscinetus,Genus,ITIS,926581,0.75,NA
Calliphoridae,NA,NA,NA,Calliphoridae,Family,ITIS,151495,0.75,NA
Gnaphosa,NA,NA,NA,Gnaphosa,Genus,ITIS,185673,0.75,NA
Dorymyrmex bicolor,NA,NA,NA,Dorymyrmex bicolor,Species,ITIS,574892,0.988,NA
Psilochorus,NA,NA,NA,Psilochorus,Genus,ITIS,849232,0.75,NA
Scutigeridae,NA,NA,NA,Scutigeridae,Family,ITIS,913657,0.75,NA
Psychoda,NA,NA,NA,Psychoda,Genus,ITIS,125468,0.75,NA
Eremosaprinus,NA,NA,NA,Eremosaprinus,Genus,ITIS,728618,0.75,NA
Eremobatidae,NA,NA,NA,Eremobatidae,Family,ITIS,690765,0.75,NA
Lygaeus,NA,NA,NA,Lygaeus,Genus,ITIS,107803,0.75,NA
Amara,NA,NA,NA,Amara,Genus,ITIS,110847,0.75,NA
Hypera,NA,NA,NA,Hypera,Genus,ITIS,187908,0.75,NA
Simuliidae,NA,NA,NA,Simuliidae,Family,ITIS,126640,0.75,NA
Scopoides,NA,NA,NA,Scopoides,Genus,ITIS,872990,0.75,NA
Mimetus,NA,NA,NA,Mimetus,Genus,ITIS,848823,0.75,NA
Ephydridae,NA,NA,NA,Ephydridae,Family,ITIS,146893,0.75,NA
Systena,NA,NA,NA,Systena,Genus,ITIS,187786,0.75,NA
Megaspilidae,NA,NA,NA,Megaspilidae,Family,ITIS,610669,0.75,NA
Dictyna,NA,NA,NA,Dictyna,Genus,ITIS,872000,0.75,NA
Sapintus,NA,NA,NA,Sapintus,Genus,ITIS,685118,0.75,NA
Empoasca,NA,NA,NA,Empoasca,Genus,ITIS,200032,0.75,NA
Trichoton sordidum,NA,NA,NA,NA,NA,NA,NA,NA,NA
Oecobius,NA,NA,NA,Oecobius,Genus,ITIS,848972,0.75,NA
Stator,NA,NA,NA,Stator,Genus,ITIS,187758,0.75,NA
Drosophilidae,NA,NA,NA,Drosophilidae,Family,ITIS,146185,0.75,NA
Ptinus,NA,NA,NA,Ptinus,Genus,ITIS,114473,0.75,NA
Phlaeothripidae,NA,NA,NA,Phlaeothripidae,Family,ITIS,103357,0.75,NA
Figitidae,NA,NA,NA,Figitidae,Family,ITIS,154028,0.75,NA
Henicopidae,NA,NA,NA,Henicopidae,Family,ITIS,913858,0.75,NA
Phyllotreta,NA,NA,NA,Phyllotreta,Genus,ITIS,719700,0.75,NA
Trupanea,NA,NA,NA,Trupanea,Genus,ITIS,143052,0.75,NA
Apis mellifera,NA,NA,NA,Apis mellifera,Species,ITIS,154396,0.988,NA
Tephritidae,NA,NA,NA,Tephritidae,Family,ITIS,142604,0.75,NA
Scytodes,NA,NA,NA,Scytodes,Genus,ITIS,849322,0.75,NA
Osorius,NA,NA,NA,Osorius,Genus,ITIS,186543,0.75,NA
Crytophagus,NA,NA,NA,NA,NA,NA,NA,NA,NA
Eupompha,NA,NA,NA,Eupompha,Genus,ITIS,731353,0.75,NA
Iris,NA,NA,NA,Iris,Genus,ITIS,43191,0.75,NA
Metaphidippus,NA,NA,NA,Metaphidippus,Genus,ITIS,872498,0.75,NA
Athysanella,NA,NA,NA,NA,NA,NA,NA,NA,NA
Rhaphidophorinae,NA,NA,NA,Rhaphidophorinae,Subfamily,ITIS,657521,0.75,NA
Plectreurys,NA,NA,NA,Plectreurys,Genus,ITIS,849154,0.75,NA
Araneida,NA,NA,NA,NA,NA,NA,NA,NA,NA
Hebecephalus,NA,NA,NA,NA,NA,NA,NA,NA,NA
Carneocephala,NA,NA,NA,Carneocephala,Genus,ITIS,200023,0.75,NA
Apocellus,NA,NA,NA,Apocellus,Genus,ITIS,690997,0.75,NA
Melanalia,NA,NA,NA,Melanalia,Genus,ITIS,724590,0.75,NA
Oryzaephilus,NA,NA,NA,Oryzaephilus,Genus,ITIS,114311,0.75,NA
Poecilus,NA,NA,NA,Poecilus,Genus,ITIS,931441,0.75,NA
Systelloderes,NA,NA,NA,Systelloderes,Genus,ITIS,104009,0.75,NA
Agromyzidae,NA,NA,NA,Agromyzidae,Family,ITIS,143384,0.75,NA
Fanniinae,NA,NA,NA,NA,NA,NA,NA,NA,NA
Alysiinae,NA,NA,NA,NA,NA,NA,NA,NA,NA
Collops,NA,NA,NA,NA,NA,NA,NA,NA,NA
Baetidae,NA,NA,NA,Baetidae,Family,ITIS,100755,0.75,NA
Hippodamia,NA,NA,NA,Hippodamia,Genus,ITIS,114330,0.75,NA
Ulus,NA,NA,NA,NA,NA,NA,NA,NA,NA
Pangaeus,NA,NA,NA,Pangaeus,Genus,ITIS,108599,0.75,NA
Ctenisis,NA,NA,NA,Ctenisis,Genus,ITIS,690914,0.75,NA
Opomyzidae,NA,NA,NA,Opomyzidae,Subfamily,ITIS,132210,0.75,NA
Myrmosinae,NA,NA,NA,NA,NA,NA,NA,NA,NA
Heteroderes,NA,NA,NA,NA,NA,NA,NA,NA,NA
Aeolus,NA,NA,NA,Aeolus,Genus,ITIS,186600,0.75,NA
Drapetis,NA,NA,NA,Drapetis,Genus,ITIS,136573,0.75,NA
Scatopsidae,NA,NA,NA,Scatopsidae,Family,ITIS,125618,0.75,NA
Desmometopa,NA,NA,NA,Desmometopa,Genus,ITIS,144520,0.75,NA
Kalotermitidae,NA,NA,NA,Kalotermitidae,Family,ITIS,102431,0.75,NA
Phelister,NA,NA,NA,Phelister,Genus,ITIS,728591,0.75,NA
Euetheola,NA,NA,NA,Euetheola,Genus,ITIS,926589,0.75,NA
Ceratopogonidae,NA,NA,NA,Ceratopogonidae,Family,ITIS,127076,0.75,NA
Pheidole californica,NA,NA,NA,Pheidole californica,Species,ITIS,580859,0.988,NA
Apis,NA,NA,NA,Apis,Genus,ITIS,154395,0.75,NA
Schizocosa,NA,NA,NA,Schizocosa,Genus,ITIS,849307,0.75,NA
Migneauxia,NA,NA,NA,NA,NA,NA,NA,NA,NA
Aeolothripidae,NA,NA,NA,Aeolothripidae,Family,ITIS,103350,0.75,NA
Platydracus,NA,NA,NA,NA,NA,NA,NA,NA,NA
Ahasverus,NA,NA,NA,Ahasverus,Genus,ITIS,114304,0.75,NA
Typhaea,NA,NA,NA,Typhaea,Genus,ITIS,187103,0.75,NA
Lampyridae,NA,NA,NA,Lampyridae,Family,ITIS,113835,0.75,NA
Anobiidae,NA,NA,NA,Anobiidae,Family,ITIS,114459,0.75,NA
Aphodius,NA,NA,NA,Aphodius,Genus,ITIS,114494,0.75,NA
Foadia maculata,NA,NA,NA,Foadia maculata,Species,ITIS,779742,0.988,NA
Aconobius,NA,NA,NA,NA,NA,NA,NA,NA,NA
Arenivaga,NA,NA,NA,Arenivaga,Genus,ITIS,102410,0.75,NA
Geometridae immature,NA,NA,NA,Geometridae,Family,ITIS,117556,0.75,NA
Chrysididae,NA,NA,NA,Chrysididae,Family,ITIS,154152,0.75,NA
Opsiuis,NA,NA,NA,NA,NA,NA,NA,NA,NA
Cyclocephala,NA,NA,NA,Cyclocephala,Genus,ITIS,926564,0.75,NA
Noctuidae immature,NA,NA,NA,Noctuidae,Family,ITIS,117318,0.75,NA
Scolopendridae,NA,NA,NA,Scolopendridae,Family,ITIS,913862,0.75,NA
Probethylus,NA,NA,NA,Probethylus,Genus,ITIS,154171,0.75,NA
Aleochara,NA,NA,NA,Aleochara,Genus,ITIS,186399,0.75,NA
Zophobas subnitens,NA,NA,NA,NA,NA,NA,NA,NA,NA
Blastophaga,NA,NA,NA,Blastophaga,Genus,ITIS,153964,0.75,NA
Chlaenius,NA,NA,NA,Chlaenius,Genus,ITIS,111436,0.75,NA
Stenolophus,NA,NA,NA,Stenolophus,Genus,ITIS,111038,0.75,NA
Largus,NA,NA,NA,Largus,Genus,ITIS,108213,0.75,NA
(Anisotarsus) Notiobia,NA,NA,NA,NA,NA,NA,NA,NA,NA
Corythucha,NA,NA,NA,Corythucha,Genus,ITIS,104215,0.75,NA
Meghyperus,NA,NA,NA,Meghyperus,Genus,ITIS,136821,0.75,NA
Trichiasida,NA,NA,NA,NA,NA,NA,NA,NA,NA
Charhyphus,NA,NA,NA,NA,NA,NA,NA,NA,NA
Agonum,NA,NA,NA,Agonum,Genus,ITIS,110242,0.75,NA
Neoanagraphis,NA,NA,NA,Neoanagraphis,Genus,ITIS,872571,0.75,NA
Asidina,NA,NA,NA,NA,NA,NA,NA,NA,NA
Coccoidea,NA,NA,NA,Coccoidea,Superfamily,ITIS,109195,0.75,NA
Linepithema humile,NA,NA,NA,Linepithema humile,Species,ITIS,575041,0.988,NA
Eucyllus,NA,NA,NA,Eucyllus,Genus,ITIS,616858,0.75,NA
Trichiasida hispidula,NA,NA,NA,NA,NA,NA,NA,NA,NA
Ptomaphagus (Adelops),NA,NA,NA,Ptomaphagus,Genus,ITIS,933516,0.75,NA
Torymidae,NA,NA,NA,Torymidae,Family,ITIS,153968,0.75,NA
Trichoton,NA,NA,NA,NA,NA,NA,NA,NA,NA
Oeclidius,NA,NA,NA,NA,NA,NA,NA,NA,NA
Exitianus,NA,NA,NA,Exitianus,Genus,ITIS,200035,0.75,NA
Asilidae,NA,NA,NA,Asilidae,Family,ITIS,132394,0.75,NA
Pyrgotidae,NA,NA,NA,Pyrgotidae,Family,ITIS,142577,0.75,NA
Efferia,NA,NA,NA,Efferia,Genus,ITIS,133505,0.75,NA
Rhinacloa,NA,NA,NA,Rhinacloa,Genus,ITIS,106803,0.75,NA
Sonoma,NA,NA,NA,Sonoma,Genus,ITIS,690840,0.75,NA
Diplotaxis,NA,NA,NA,Diplotaxis,Genus,ITIS,23116,0.75,NA
Calosoma(Chrysostigma),NA,NA,NA,NA,NA,NA,NA,NA,NA
Microporus,NA,NA,NA,Microporus,Genus,ITIS,108596,0.75,NA
Argidae,NA,NA,NA,Argidae,Family,ITIS,152757,0.75,NA
Clivina,NA,NA,NA,Clivina,Genus,ITIS,109609,0.75,NA
Batuliodes,NA,NA,NA,NA,NA,NA,NA,NA,NA
Conibius,NA,NA,NA,NA,NA,NA,NA,NA,NA
Glenognatha,NA,NA,NA,Glenognatha,Genus,ITIS,848415,0.75,NA
Latrodectus,NA,NA,NA,Latrodectus,Genus,ITIS,848644,0.75,NA
Arctiidae,NA,NA,NA,Arctiidae,Family,ITIS,117297,0.75,NA
Orthoperus,NA,NA,NA,Orthoperus,Genus,ITIS,186939,0.75,NA
Pheidole spadonia,NA,NA,NA,Pheidole spadonia,Species,ITIS,581232,0.988,NA
Drassyllus,NA,NA,NA,Drassyllus,Genus,ITIS,185620,0.75,NA
Neobisnius,NA,NA,NA,NA,NA,NA,NA,NA,NA
Lytta,NA,NA,NA,Lytta,Genus,ITIS,114403,0.75,NA
Altica,NA,NA,NA,Altica,Genus,ITIS,719709,0.75,NA
Alaudes,NA,NA,NA,NA,NA,NA,NA,NA,NA
Phthiria,NA,NA,NA,Phthiria,Genus,ITIS,134828,0.75,NA
Tidarren,NA,NA,NA,Tidarren,Genus,ITIS,849545,0.75,NA
Pachybrachis,NA,NA,NA,Pachybrachis,Genus,ITIS,719766,0.75,NA
Orius,NA,NA,NA,Orius,Genus,ITIS,106959,0.75,NA
Cheirodes,NA,NA,NA,NA,NA,NA,NA,NA,NA
Pogonomyrmex maricopa,NA,NA,NA,Pogonomyrmex maricopa,Species,ITIS,154234,0.988,NA
Liocranidae,NA,NA,NA,Liocranidae,Family,ITIS,871529,0.75,NA
Apiomerus,NA,NA,NA,Apiomerus,Genus,ITIS,107203,0.75,NA
Monommidae,NA,NA,NA,Monommidae,Family,ITIS,114414,0.75,NA
Mythicomyia,NA,NA,NA,Mythicomyia,Genus,ITIS,134157,0.75,NA
Neacoryphus lateralis,NA,NA,NA,Neacoryphus lateralis,Species,ITIS,107838,0.988,NA
Pheidole tepicana,NA,NA,NA,Pheidole tepicana,Species,ITIS,581265,0.988,NA
Eretes,NA,NA,NA,Eretes,Genus,ITIS,112163,0.75,NA
Chalcidoidea (Aphelinidae),NA,NA,NA,Chalcidoidea,Superfamily,ITIS,153658,0.75,NA
Phyllophaga,NA,NA,NA,Phyllophaga,Genus,ITIS,926453,0.75,NA
Elachistidae,NA,NA,NA,Elachistidae,Family,ITIS,118721,0.75,NA
Megalostomis,NA,NA,NA,Megalostomis,Genus,ITIS,719776,0.75,NA
Texananus,NA,NA,NA,NA,NA,NA,NA,NA,NA
Pholcus,NA,NA,NA,Pholcus,Genus,ITIS,849119,0.75,NA
Metopoloba,NA,NA,NA,NA,NA,NA,NA,NA,NA
Trachymyrmex,NA,NA,NA,Trachymyrmex,Genus,ITIS,574161,0.75,NA
Ozognathus,NA,NA,NA,Ozognathus,Genus,ITIS,696303,0.75,NA
Cheiracanthium,NA,NA,NA,Cheiracanthium,Genus,ITIS,871868,0.75,NA
Lycaenidae,NA,NA,NA,Lycaenidae,Family,ITIS,117236,0.75,NA
Prairiana,NA,NA,NA,NA,NA,NA,NA,NA,NA
Mogoplistidae,NA,NA,NA,Mogoplistidae,Family,ITIS,650506,0.75,NA
Discoderus,NA,NA,NA,Discoderus,Genus,ITIS,111369,0.75,NA
Psychodidae,NA,NA,NA,Psychodidae,Family,ITIS,125351,0.75,NA
Erigone,NA,NA,NA,Erigone,Genus,ITIS,848314,0.75,NA
Psylliodes,NA,NA,NA,Psylliodes,Genus,ITIS,719738,0.75,NA
Glyptina,NA,NA,NA,Glyptina,Genus,ITIS,719703,0.75,NA
Figitinae,NA,NA,NA,NA,NA,NA,NA,NA,NA
Ebo,NA,NA,NA,Ebo,Genus,ITIS,872028,0.75,NA
Coleosoma,NA,NA,NA,Coleosoma,Genus,ITIS,848132,0.75,NA
Stenus,NA,NA,NA,Stenus,Genus,ITIS,113576,0.75,NA
Plutellidae,NA,NA,NA,Plutellidae,Family,ITIS,118715,0.75,NA
Tymnes,NA,NA,NA,Tymnes,Genus,ITIS,719755,0.75,NA
Sciopithes,NA,NA,NA,Sciopithes,Genus,ITIS,188065,0.75,NA
Tipulidae,NA,NA,NA,Tipulidae,Family,ITIS,118840,0.75,NA
Alconeura,NA,NA,NA,NA,NA,NA,NA,NA,NA
Thinoxenus,NA,NA,NA,Thinoxenus,Genus,ITIS,617061,0.75,NA
Xanthopygus,NA,NA,NA,NA,NA,NA,NA,NA,NA
Acholla,NA,NA,NA,Acholla,Genus,ITIS,107301,0.75,NA
Notiophilus,NA,NA,NA,Notiophilus,Genus,ITIS,109532,0.75,NA
Ligyrocoris,NA,NA,NA,Ligyrocoris,Genus,ITIS,108065,0.75,NA
Sinea,NA,NA,NA,Sinea,Genus,ITIS,107354,0.75,NA
Isodacrys,NA,NA,NA,Isodacrys,Genus,ITIS,616895,0.75,NA
Gloridonus,NA,NA,NA,NA,NA,NA,NA,NA,NA
Thyanta,NA,NA,NA,Thyanta,Genus,ITIS,108971,0.75,NA
Pseudopsallus,NA,NA,NA,Pseudopsallus,Genus,ITIS,106160,0.75,NA
Lygus,NA,NA,NA,Lygus,Genus,ITIS,104978,0.75,NA
Corythaica,NA,NA,NA,Corythaica,Genus,ITIS,104208,0.75,NA
Megachilidae,NA,NA,NA,Megachilidae,Family,ITIS,154365,0.75,NA
Trachyzelotes,NA,NA,NA,Trachyzelotes,Genus,ITIS,873243,0.75,NA
Sphingidae,NA,NA,NA,Sphingidae,Family,ITIS,117293,0.75,NA
Blastophaga psenes,NA,NA,NA,Blastophaga psenes,Species,ITIS,153965,0.988,NA
Apollophanes,NA,NA,NA,Apollophanes,Genus,ITIS,871656,0.75,NA
Smicraulax,NA,NA,NA,Smicraulax,Genus,ITIS,617040,0.75,NA
Atrazonotus,NA,NA,NA,Atrazonotus,Genus,ITIS,107975,0.75,NA
Scopaeus,NA,NA,NA,NA,NA,NA,NA,NA,NA
Cyphophthalmi,NA,NA,NA,Cyphophthalmi,Suborder,ITIS,1012396,0.75,NA
Platystethus,NA,NA,NA,Platystethus,Genus,ITIS,186552,0.75,NA
Notoxus,NA,NA,NA,Notoxus,Genus,ITIS,114406,0.75,NA
Probethylus schwarzi,NA,NA,NA,Probethylus schwarzi,Species,ITIS,154172,0.988,NA
Sceliphron caementarium,NA,NA,NA,Sceliphron caementarium,Species,ITIS,769860,0.988,NA
Coccotrypes,NA,NA,NA,Coccotrypes,Genus,ITIS,188121,0.75,NA
Hemiphileurus,NA,NA,NA,Hemiphileurus,Genus,ITIS,926610,0.75,NA
Omorgus,NA,NA,NA,Omorgus,Genus,ITIS,929706,0.75,NA
Leptacinus,NA,NA,NA,Leptacinus,Genus,ITIS,186462,0.75,NA
Pheidole floridana,NA,NA,NA,Pheidole floridana,Species,ITIS,580963,0.988,NA
Epuraea,NA,NA,NA,Epuraea,Genus,ITIS,835489,0.75,NA
Milichiidae,NA,NA,NA,Milichiidae,Family,ITIS,144487,0.75,NA
Coccidophilus,NA,NA,NA,Coccidophilus,Genus,ITIS,692171,0.75,NA
Coproporus,NA,NA,NA,NA,NA,NA,NA,NA,NA
Bradynobaenidae,NA,NA,NA,Bradynobaenidae,Family,ITIS,709298,0.75,NA
Eidmannella,NA,NA,NA,Eidmannella,Genus,ITIS,848279,0.75,NA
Catorhintha,NA,NA,NA,Catorhintha,Genus,ITIS,108381,0.75,NA
Meristhus,NA,NA,NA,NA,NA,NA,NA,NA,NA
Philonthus,NA,NA,NA,Philonthus,Genus,ITIS,113292,0.75,NA
Pinacodera,NA,NA,NA,Pinacodera,Genus,ITIS,111572,0.75,NA
Eperigone,NA,NA,NA,NA,NA,NA,NA,NA,NA
Heleomyza,NA,NA,NA,Heleomyza,Genus,ITIS,145595,0.75,NA
Filistatoides,NA,NA,NA,Filistatoides,Genus,ITIS,848368,0.75,NA
Hermetia,NA,NA,NA,Hermetia,Genus,ITIS,130289,0.75,NA
Agromyza,NA,NA,NA,Agromyza,Genus,ITIS,143386,0.75,NA
Coniatus,NA,NA,NA,NA,NA,NA,NA,NA,NA
Metepeira,NA,NA,NA,Metepeira,Genus,ITIS,848788,0.75,NA
Pseudatomoscelis,NA,NA,NA,Pseudatomoscelis,Genus,ITIS,106775,0.75,NA
Derobrachus,NA,NA,NA,Derobrachus,Genus,ITIS,701822,0.75,NA
Urozelotes,NA,NA,NA,Urozelotes,Genus,ITIS,185656,0.75,NA
Oligota,NA,NA,NA,Oligota,Genus,ITIS,186509,0.75,NA
Tominotus,NA,NA,NA,Tominotus,Genus,ITIS,108610,0.75,NA
Conoderus,NA,NA,NA,Conoderus,Genus,ITIS,113885,0.75,NA
Stenomorpha,NA,NA,NA,NA,NA,NA,NA,NA,NA
Lacon,NA,NA,NA,Lacon,Genus,ITIS,186663,0.75,NA
Eleodes longicollis,NA,NA,NA,NA,NA,NA,NA,NA,NA
Spilochroa,NA,NA,NA,Spilochroa,Genus,ITIS,145708,0.75,NA
Hyperaspis,NA,NA,NA,Hyperaspis,Genus,ITIS,114336,0.75,NA
Tettigoniidae,NA,NA,NA,Tettigoniidae,Family,ITIS,102232,0.75,NA
Ophryastes,NA,NA,NA,Ophryastes,Genus,ITIS,616958,0.75,NA
Axinopalpus,NA,NA,NA,Axinopalpus,Genus,ITIS,111703,0.75,NA
Listrus,NA,NA,NA,NA,NA,NA,NA,NA,NA
Eupsophulus,NA,NA,NA,NA,NA,NA,NA,NA,NA
Chamaemyiidae,NA,NA,NA,Chamaemyiidae,Family,ITIS,145348,0.75,NA
Monotoma,NA,NA,NA,Monotoma,Genus,ITIS,187163,0.75,NA
Cyphomyrmex,NA,NA,NA,Cyphomyrmex,Genus,ITIS,573900,0.75,NA
Homalodisca,NA,NA,NA,NA,NA,NA,NA,NA,NA
Cicindela (Cylindera) viridisticta arizonensis,NA,NA,NA,Cicindela,Genus,ITIS,109231,0.75,NA
Kinnaridae,NA,NA,NA,Kinnaridae,Family,ITIS,109177,0.75,NA
Acalophaena,NA,NA,NA,NA,NA,NA,NA,NA,NA
Horistonotus,NA,NA,NA,Horistonotus,Genus,ITIS,113896,0.75,NA
Lathrobium,NA,NA,NA,Lathrobium,Genus,ITIS,186461,0.75,NA
Misumenops,NA,NA,NA,Misumenops,Genus,ITIS,872523,0.75,NA
Agallia,NA,NA,NA,Agallia,Genus,ITIS,199997,0.75,NA
Sericoderus,NA,NA,NA,Sericoderus,Genus,ITIS,186943,0.75,NA
Caeculidae,NA,NA,NA,Caeculidae,Family,ITIS,895681,0.75,NA
Sitticus,NA,NA,NA,Sitticus,Genus,ITIS,873040,0.75,NA
Euptychodera corrugata,NA,NA,NA,Euptychodera corrugata,Species,ITIS,109023,0.988,NA
Erythraeidae,NA,NA,NA,Erythraeidae,Family,ITIS,895691,0.75,NA
Oribatida,NA,NA,NA,Oribatida,Suborder,ITIS,733326,0.75,NA
Bdellidae,NA,NA,NA,Bdellidae,Family,ITIS,82755,0.75,NA
Parasitidae,NA,NA,NA,Parasitidae,Family,ITIS,1118088,0.75,NA
Mycetophilidae,NA,NA,NA,Mycetophilidae,Family,ITIS,121636,0.75,NA
Actinedida,NA,NA,NA,NA,NA,NA,NA,NA,NA
Euphorticus,NA,NA,NA,Euphorticus,Genus,ITIS,110444,0.75,NA
Anystidae,NA,NA,NA,Anystidae,Family,ITIS,895683,0.75,NA
Scaphytopius,NA,NA,NA,Scaphytopius,Genus,ITIS,200129,0.75,NA
Fulgoroidea,NA,NA,NA,Fulgoroidea,Superfamily,ITIS,109173,0.75,NA
Aphelinidae,NA,NA,NA,Aphelinidae,Family,ITIS,709300,0.75,NA
Culicidae,NA,NA,NA,Culicidae,Family,ITIS,125930,0.75,NA
Tortricidae,NA,NA,NA,Tortricidae,Family,ITIS,117856,0.75,NA
Melpomene,NA,NA,NA,Melpomene,Genus,ITIS,872483,0.75,NA
Clubiona,NA,NA,NA,Clubiona,Genus,ITIS,871898,0.75,NA
Pyralidae immature,NA,NA,NA,Pyralidae,Family,ITIS,117641,0.75,NA
Trombidioidea,NA,NA,NA,Trombidioidea,Superfamily,ITIS,895638,0.75,NA
Erythraeoidea,NA,NA,NA,Erythraeoidea,Superfamily,ITIS,895635,0.75,NA
Anystoidea,NA,NA,NA,Anystoidea,Superfamily,ITIS,895631,0.75,NA
Cicadidae,NA,NA,NA,Cicadidae,Family,ITIS,109169,0.75,NA
Nothridae,NA,NA,NA,Nothridae,Family,ITIS,733417,0.75,NA
Margarinotus,NA,NA,NA,Margarinotus,Genus,ITIS,728598,0.75,NA
Nesosteles,NA,NA,NA,NA,NA,NA,NA,NA,NA
Brachymyrmex patagonicus,NA,NA,NA,Brachymyrmex patagonicus,Species,ITIS,575574,0.988,NA
Notibius,NA,NA,NA,NA,NA,NA,NA,NA,NA
Listroderes,NA,NA,NA,Listroderes,Genus,ITIS,187912,0.75,NA
Brachymyrmex obscurior,NA,NA,NA,Brachymyrmex obscurior,Species,ITIS,575572,0.988,NA
Bibiodes,NA,NA,NA,Bibiodes,Genus,ITIS,121397,0.75,NA
Semium,NA,NA,NA,Semium,Genus,ITIS,106814,0.75,NA
Filistatidae,NA,NA,NA,Filistatidae,Family,ITIS,847722,0.75,NA
Xiphydriidae,NA,NA,NA,Xiphydriidae,Family,ITIS,152852,0.75,NA
Mecinus,NA,NA,NA,Mecinus,Genus,ITIS,616914,0.75,NA
Eusceli,NA,NA,NA,NA,NA,NA,NA,NA,NA
Coniopterygidae,NA,NA,NA,Coniopterygidae,Family,ITIS,115075,0.75,NA
Scenopinus,NA,NA,NA,Scenopinus,Genus,ITIS,132143,0.75,NA
Gallilepis,NA,NA,NA,NA,NA,NA,NA,NA,NA
Synaphosus,NA,NA,NA,Synaphosus,Genus,ITIS,873104,0.75,NA
Mordella,NA,NA,NA,Mordella,Genus,ITIS,114384,0.75,NA
Berytidae,NA,NA,NA,Berytidae,Family,ITIS,107642,0.75,NA
Phidippus,NA,NA,NA,Phidippus,Genus,ITIS,872783,0.75,NA
Brachymyrmex depilis,NA,NA,NA,Brachymyrmex depilis,Species,ITIS,575553,0.988,NA
Iuridae,NA,NA,NA,Iuridae,Family,ITIS,690784,0.75,NA
Polemiotus_submetallicus,NA,NA,NA,NA,NA,NA,NA,NA,NA
Labidura,NA,NA,NA,Labidura,Genus,ITIS,186020,0.75,NA
Notiobia,NA,NA,NA,Notiobia,Genus,ITIS,111139,0.75,NA
Diplopoda,NA,NA,NA,Diplopoda,Class,ITIS,154409,0.75,NA
Psocodea,NA,NA,NA,Psocodea,Order,ITIS,998435,0.75,NA
Phalangiidae,NA,NA,NA,Phalangiidae,Family,ITIS,1012454,0.75,NA
Grylloides,NA,NA,NA,NA,NA,NA,NA,NA,NA
Nothrus,NA,NA,NA,Nothrus,Genus,ITIS,702185,0.75,NA
Syspira,NA,NA,NA,Syspira,Genus,ITIS,873111,0.75,NA
Longitarsus,NA,NA,NA,Longitarsus,Genus,ITIS,719704,0.75,NA
Agroporis bicolor,NA,NA,NA,NA,NA,NA,NA,NA,NA
Stenomorpha acerba,NA,NA,NA,NA,NA,NA,NA,NA,NA
Dromiusina,NA,NA,NA,NA,NA,NA,NA,NA,NA
Xyphon,NA,NA,NA,NA,NA,NA,NA,NA,NA
Cryptolestes,NA,NA,NA,Cryptolestes,Genus,ITIS,114308,0.75,NA
Acanthoscelidina,NA,NA,NA,NA,NA,NA,NA,NA,NA
Bruchinae,NA,NA,NA,Bruchinae,Subfamily,ITIS,678800,0.75,NA
Paratrechina longicornis,NA,NA,NA,Paratrechina longicornis,Species,ITIS,154225,0.988,NA
Alticini,NA,NA,NA,Alticini,Tribe,ITIS,719593,0.75,NA
Noctuidae,NA,NA,NA,Noctuidae,Family,ITIS,117318,0.75,NA
Chyphotes,NA,NA,NA,NA,NA,NA,NA,NA,NA
Solifugae,NA,NA,NA,Solifugae,Order,ITIS,690742,0.75,NA
Derobrachus geminatus,NA,NA,NA,Derobrachus geminatus,Species,ITIS,702666,0.988,NA
Ammotrechidae,NA,NA,NA,Ammotrechidae,Family,ITIS,690762,0.75,NA
Cryptoglossa variolosa,NA,NA,NA,NA,NA,NA,NA,NA,NA
Veromessor pergandei,NA,NA,NA,NA,NA,NA,NA,NA,NA
Asbolus verrucosus,NA,NA,NA,NA,NA,NA,NA,NA,NA
Ceratophyllidae,NA,NA,NA,Ceratophyllidae,Family,ITIS,152740,0.75,NA
Periplaneta,NA,NA,NA,Periplaneta,Genus,ITIS,102405,0.75,NA
Lygaeus kalmii,NA,NA,NA,Lygaeus kalmii,Species,ITIS,107807,0.988,NA
Stratiomyidae,NA,NA,NA,Stratiomyidae,Family,ITIS,130150,0.75,NA
Veromessor,NA,NA,NA,NA,NA,NA,NA,NA,NA
Cyphomyrmex flavidus,NA,NA,NA,Cyphomyrmex flavidus,Species,ITIS,574369,0.988,NA
Crabronidae,NA,NA,NA,Crabronidae,Family,ITIS,709291,0.75,NA
Haplodrassus,NA,NA,NA,Haplodrassus,Genus,ITIS,185731,0.75,NA
Pentatomoidea,NA,NA,NA,Pentatomoidea,Superfamily,ITIS,676848,0.75,NA
Geophilomorpha,NA,NA,NA,Geophilomorpha,Order,ITIS,154404,0.75,NA
Dacoderus,NA,NA,NA,Dacoderus,Genus,ITIS,708219,0.75,NA
Periplaneta americana,NA,NA,NA,Periplaneta americana,Species,ITIS,102406,0.988,NA
Cyphomyrmex wheeleri,NA,NA,NA,Cyphomyrmex wheeleri,Species,ITIS,574394,0.988,NA
Dasymutilla,NA,NA,NA,Dasymutilla,Genus,ITIS,154182,0.75,NA
Gastropoda,NA,NA,NA,Gastropoda,Class,ITIS,69459,0.75,NA
Chalcididae,NA,NA,NA,Chalcididae,Family,ITIS,154021,0.75,NA
Myrmosidae,NA,NA,NA,NA,NA,NA,NA,NA,NA
Eupompha elegans,NA,NA,NA,Eupompha elegans,Species,ITIS,731775,0.988,NA
Lycosidae immature,NA,NA,NA,Lycosidae,Family,ITIS,847731,0.75,NA
Lytta magister,NA,NA,NA,Lytta magister,Species,ITIS,731730,0.988,NA
Centruroides scultpturatus,NA,NA,NA,NA,NA,NA,NA,NA,NA
Gryllus,NA,NA,NA,Gryllus,Genus,ITIS,657701,0.75,NA
Platygastridae,NA,NA,NA,Platygastridae,Family,ITIS,709288,0.75,NA
Centrioptera,NA,NA,NA,NA,NA,NA,NA,NA,NA
Nylanderia,NA,NA,NA,NA,NA,NA,NA,NA,NA
Myrmecocystus (Endiodioctes),NA,NA,NA,Myrmecocystus,Genus,ITIS,573974,0.75,NA
Tetramorium hispidum,NA,NA,NA,Tetramorium hispidum,Species,ITIS,582437,0.988,NA
Lygaeoidea,NA,NA,NA,Lygaeoidea,Superfamily,ITIS,676847,0.75,NA
Lithobiomorpha immature,NA,NA,NA,Lithobiomorpha,Order,ITIS,553110,0.75,NA
Sphaeropthalma,NA,NA,NA,NA,NA,NA,NA,NA,NA
